Term ID	Term	p	fdr
GO:0006952	defense response	4.81745589798305e-11	5.20188887864209e-07
GO:0045087	innate immune response	5.49907619249481e-11	5.93735256503665e-07
GO:0006955	immune response	2.79901233549022e-09	3.02181371739524e-05
GO:0098542	defense response to other organism	1.0044764429514e-07	0.00108433232016603
GO:0009615	response to virus	3.19828491345213e-07	0.00345222873558023
GO:0051607	defense response to virus	3.45439204924898e-06	0.0372832533875442
